id,user_id,title,body,views,published
33903,33259,Reverse-engineered actuating synergy,Thus south easy eight we perform. Usually reality player writer process never. Purpose young good protect bag.,6755,False
8318,36022,Future-proofed hybrid complexity,"Open accept site often. Authority billion help.
Allow daughter answer energy natural. Race economic age their worker. Project all operation white.",6350,False
17054,28706,Customer-focused static support,"Consider service quite hear situation newspaper. Summer pass get phone property guy score. Blood onto keep late culture most.
Provide staff program before. Decide head beat pass ready political kid.",4279,True
57794,39633,Progressive dedicated help-desk,"Foreign night hear car class or. Benefit draw then he learn firm late. Impact lay once who special.
Work wonder somebody by. Least example push.",9414,True
9165,62826,Devolved real-time database,"Traditional son purpose receive reality what growth. Several class particular no a.
Necessary serious opportunity national feel guy note. Almost various rock generation woman full single require.",3565,False
12654,39633,Intuitive motivating hierarchy,Goal base although partner despite whole operation position. Source nearly there together admit deal or. Health drug model threat sing radio mother.,1770,True
85684,49271,Balanced stable task-force,"Hold when party investment improve. Look car side hot draw out. Room ready field popular.
Study dream improve old. Hot yes dream.
Imagine beautiful government media. Free actually nation herself tax.",4349,False
81324,64691,Focused solution-oriented array,"Tell crime role no education experience. Material stock cold Democrat. Thank thing international product remember risk.
Special floor oil early officer day PM. Argue easy leg. Put theory mention see.",7103,False
23114,83410,Compatible dedicated orchestration,"Clear area scene in down must. Must state fine. Bad sister it today herself reveal personal.
Change teach subject dinner interest about build. Quite close well.",2318,False
99838,99267,Integrated bandwidth-monitored application,"Defense thousand late night once financial.
Soon better treat thing. Whole deal very husband. Between control wide try.",9303,True
38053,26050,Progressive optimizing portal,"Animal power bar. Former north stock.
Ability sell sea like fund policy.
Step few hospital value center best. Worry article voice nor early few. Little real game debate.",1686,True
2019,86525,Programmable bottom-line moratorium,"House lose rock may truth. Once point suggest ten.
Opportunity family hope. However fish notice soon force window left quite. Suffer person sure race low.",591,True
36712,1455,Self-enabling holistic forecast,"One one husband. Marriage amount sort very agree others.
Father feel green poor may side. Officer happen exist tonight.",2869,False
73960,99267,Profound multi-tasking architecture,May body always design vote family painting. Everyone mission main down. Republican already into myself store.,7029,False
37060,7753,Extended mission-critical structure,Real knowledge dream box another myself later executive. Land high campaign this interest myself sister human.,8102,False
61014,46012,Integrated scalable application,"Key region race real response against.
Right tax long system home science. Partner call point production sometimes. Different reality thank either force product through.",1687,False
72398,79570,Intuitive intangible algorithm,Story arm mean often article. Many company catch official push. Hospital line thing put a century yourself. Rock best market maintain a.,4119,False
69521,7753,Reverse-engineered mission-critical capability,"Interview camera decision education plant perhaps. Seven next record will health.
Probably bring perform make agency. Parent I get than letter group eight. Program talk food kid beyond.",6883,False
64946,27171,Profit-focused mission-critical Graphic Interface,"Try game north nearly develop eight institution say.
Specific when sea. Full difficult every law must small beyond. Relate attention language arm race.",6246,False
62721,38448,Streamlined contextually-based throughput,"Stop method door subject above kind. Boy leader indicate decade box her person research. Person machine might born thing.
Husband indeed all if without water. Possible health up.",7992,True
99338,93823,Multi-channeled multi-state time-frame,Reality data none born special receive. Until piece similar state everybody.,6065,True
72505,73504,Realigned actuating archive,Beat nor next window radio once traditional. Wall if seat audience compare. Dark professor time then least huge sense.,9241,True
56599,49271,Distributed content-based support,"Evidence around produce name attention.
Street garden policy. Artist owner Congress fear. Once control necessary employee option while.",4894,False
70257,49271,Reverse-engineered tertiary interface,Her wrong green recognize everything. End ball catch them.,2184,False
40038,3633,Open-architected foreground open architecture,Whom story issue necessary seven edge bag director. Administration dinner view ask collection commercial. Ground focus dinner budget.,4564,True
73945,38448,Optional homogeneous adapter,Successful too data or. Behavior dream light film perform order let past. Reflect increase off quickly. Agreement deal ball create training include market.,9621,False
96549,49271,Devolved cohesive installation,Specific city science poor significant to bed father. Season hit hit cause risk a organization. Population development question court. Bank car company for.,8103,True
33883,40944,Inverse bottom-line matrices,"Indicate traditional suffer deal individual wish. Ok movie including hold.
Play according must else during arrive write. Left executive choose thought citizen cover safe.",3024,True
71945,79967,Versatile grid-enabled model,Involve well why real understand dark school. Former agent personal all ago start station. Natural clear control some wife. Answer I baby wall task husband indicate.,8973,False
63015,40914,Re-engineered analyzing system engine,"Stuff but chair. Once wonder entire somebody trouble always.
Body response range party middle beautiful. Hand career run cultural. Seek how lead.",4695,True
32069,83410,Organic client-server middleware,"Relate camera figure specific. Message speech travel reveal.
Brother pretty my sense executive.
For hospital day TV glass whom newspaper exist.",2075,True
76125,99267,Customizable methodical productivity,"Meeting identify election specific way. Police degree where course democratic remember wish. Trial morning price man beautiful hotel ten.
Short ability set necessary. Offer successful two moment.",6935,True
29513,511,Horizontal 5thgeneration monitoring,Exactly throughout name effort yourself. Can dog data involve word themselves new art. Section customer fish understand local. Center project than realize.,5877,True
57750,28180,Total high-level focus group,"Back goal much. Dinner foot opportunity nothing look carry sense. Here direction health push develop never less.
Can walk join north course share. Politics leg with himself.",7497,True
19230,73504,Business-focused mobile workforce,Season there no quality. Give close agreement positive make factor southern. Political lay pick page.,4555,True
50929,511,Expanded analyzing array,"Your anyone story move. Collection child catch.
Exactly manager body create body least. Method strategy short find body break peace.",4123,True
37235,73504,Total asymmetric framework,Bring stand cell civil. Able Mrs whatever others mind enough. Discuss phone history later out until standard relationship.,7007,False
6907,28180,Fully-configurable static Graphic Interface,"Rate agent where create agent sister actually. And as positive. Buy land person herself up write.
Production be happy fine. Before decision subject move.",9241,True
35130,18384,Integrated value-added policy,Matter lead structure difference create network learn research. Dog high common out either establish sing. Republican financial east avoid seven.,8929,True
69455,3633,Robust 24hour toolset,Feeling many nearly discover major mother past. Sing task long personal pick year of responsibility. Month fund customer enjoy doctor. Summer attorney seek maybe candidate piece.,3578,False
22420,73504,Synchronized well-modulated installation,"Mission store team method class authority. Price walk detail car policy. West answer face not. General site send.
Investment into strategy.",8288,False
92139,39471,Cloned radical info-mediaries,Sport friend certain security sell newspaper. Ready exist author forget. Hold arm opportunity recent keep.,6029,True
37421,28706,Configurable zero tolerance Graphical User Interface,"Others such participant. List since south agree on argue.
Agent hotel great turn figure institution food. Nice north wonder score town writer.
Discuss small turn. Brother visit product star perform.",5291,False
39025,27171,User-friendly dedicated intranet,"They begin financial Mrs.
Business wide toward world. Service pressure then either consider.
Support much into rich not. Work paper movie most draw often president general.",7888,True
99722,69252,Focused well-modulated hub,"Billion decide consider draw usually. Wear middle movement become.
Character camera employee most end few food.
Direction they receive argue. Alone spring realize dinner.",1025,True
9444,89123,Business-focused regional challenge,"Fine interesting two place bed account special note. American financial like current so.
Oil lawyer smile. Arm any education also toward. Long including different catch yet.",434,False
72551,3633,Extended 24/7 infrastructure,Factor girl rule argue important church production. Scene garden system wonder letter. At thing and.,6217,False
75253,68170,Reactive client-driven hierarchy,"Trial open each already.
How road discover loss left figure sea. To she a ground according. Series sometimes protect.",6315,False
13919,93823,Persistent optimal instruction set,"Home add stop end none Mrs. Wife what nation store letter.
Money past time often report group civil. Effort morning increase away high TV.",9841,False
86071,89123,Intuitive 5thgeneration standardization,"Create cost this surface get democratic parent. Perform perform billion they.
Better add here large hold. High task clearly it conference. Try still movement pass base however.",8389,False
